<?xml version="1.0" encoding="UTF-8" standalone="yes"?>
<addon id="plugin.audio.spotifconnectwebdisplay" name="Spotify Connect Web Display" version="0.1.2" provider-name="LordDorian">
    <requires>
        <import addon="xbmc.python" version="2.20.0" />
        <import addon="script.module.requests" version="2.9.1"/>
        <import addon="script.module.pyxbmct" version="1.1.4" />
    </requires>
    <extension point="xbmc.python.pluginsource" library="index.py">
        <provides>audio</provides>
    </extension>
</addon>
